team,attack,midfield,defense,goalkeeper,bench,wcpi,lambda_90
ESP,85.8902,87.1296,81.2455,88.7670,75.0806,84.4221,1.222383
FRA,85.9586,84.8122,82.2554,90.0000,74.2043,84.0516,1.198645
