rank,spain_goals,france_goals,probability
1,1,1,0.13068
2,1,0,0.10745
3,0,1,0.10694
4,0,0,0.08751
5,2,1,0.08010
6,1,2,0.07875
